model,train_end,as_of,val_start,val_end,rank_ic_asof,portfolio_return,benchmark_return,excess_return,top_k,max_weight,min_weight,n_names
xgb_aggressive_top30,2025-11-05,2025-11-19,2025-11-20,2025-12-03,0.01645467400610039,-0.0026258848732880783,-0.017744839175110494,0.015118954301822415,30,0.06451612903225806,0.002150537634408602,30
xgb_stable_top50,2025-11-05,2025-11-19,2025-11-20,2025-12-03,0.04976293658936598,-0.015316042101954001,-0.017744839175110494,0.002428797073156493,50,0.03921568627450981,0.0007843137254901962,50
xgb_conservative_top75,2025-11-05,2025-11-19,2025-11-20,2025-12-03,0.06870628563916593,-0.0113506753579,-0.017744839175110494,0.006394163817210493,75,0.02631578947368421,0.0003508771929824561,75
ridge,2025-11-05,2025-11-19,2025-11-20,2025-12-03,-0.13273911523320572,-0.013400075936255978,-0.017744839175110494,0.004344763238854516,75,0.02631578947368421,0.0003508771929824561,75
ENSEMBLE_WEIGHTED_3XGB,2025-11-05,2025-11-19,2025-11-20,2025-12-03,,-0.009553199957255043,-0.017744839175110494,0.008191639217855451,50,0.03921568627450981,0.0007843137254901962,50
xgb_aggressive_top30,2025-12-03,2025-12-17,2025-12-18,2025-12-31,-0.029973574190392673,0.020529217131531375,0.0459158898904064,-0.025386672758875028,30,0.06451612903225806,0.002150537634408602,30
xgb_stable_top50,2025-12-03,2025-12-17,2025-12-18,2025-12-31,0.0023633370592981645,0.023445776725660502,0.0459158898904064,-0.0224701131647459,50,0.03921568627450981,0.0007843137254901962,50
xgb_conservative_top75,2025-12-03,2025-12-17,2025-12-18,2025-12-31,-0.003226149284375521,0.03473208260102351,0.0459158898904064,-0.01118380728938289,75,0.02631578947368421,0.0003508771929824561,75
ridge,2025-12-03,2025-12-17,2025-12-18,2025-12-31,-0.009612769350181452,0.05355944556012034,0.0459158898904064,0.00764355566971394,75,0.02631578947368421,0.0003508771929824561,75
ENSEMBLE_WEIGHTED_3XGB,2025-12-03,2025-12-17,2025-12-18,2025-12-31,,0.053514935640030584,0.0459158898904064,0.007599045749624181,50,0.03921568627450981,0.0007843137254901962,50
xgb_aggressive_top30,2025-12-31,2026-01-16,2026-01-19,2026-01-30,-0.08422839084203881,-0.02542870839332623,0.016743770007168868,-0.042172478400495095,30,0.06451612903225806,0.002150537634408602,30
xgb_stable_top50,2025-12-31,2026-01-16,2026-01-19,2026-01-30,-0.03435992258629504,0.00021542946538508678,0.016743770007168868,-0.01652834054178378,50,0.03921568627450981,0.0007843137254901962,50
xgb_conservative_top75,2025-12-31,2026-01-16,2026-01-19,2026-01-30,-0.024902130581028786,-0.009516331292722393,0.016743770007168868,-0.02626010129989126,75,0.02631578947368421,0.0003508771929824561,75
ridge,2025-12-31,2026-01-16,2026-01-19,2026-01-30,-0.0851134673361533,0.002799372029607404,0.016743770007168868,-0.013944397977561463,75,0.02631578947368421,0.0003508771929824561,75
ENSEMBLE_WEIGHTED_3XGB,2025-12-31,2026-01-16,2026-01-19,2026-01-30,,0.006743437331733926,0.016743770007168868,-0.010000332675434941,50,0.03921568627450981,0.0007843137254901962,50
xgb_aggressive_top30,2026-01-30,2026-02-13,2026-02-24,2026-03-09,0.11291992240667087,-0.03485603644377334,-0.0024222897891881257,-0.03243374665458521,30,0.06451612903225806,0.002150537634408602,30
xgb_stable_top50,2026-01-30,2026-02-13,2026-02-24,2026-03-09,0.15820422486974,-0.027367451992608142,-0.0024222897891881257,-0.024945162203420017,50,0.03921568627450981,0.0007843137254901962,50
xgb_conservative_top75,2026-01-30,2026-02-13,2026-02-24,2026-03-09,0.18736633193580807,-0.017954394440483103,-0.0024222897891881257,-0.015532104651294978,75,0.02631578947368421,0.0003508771929824561,75
ridge,2026-01-30,2026-02-13,2026-02-24,2026-03-09,0.1675169612788432,0.027135352782665812,-0.0024222897891881257,0.029557642571853938,75,0.02631578947368421,0.0003508771929824561,75
ENSEMBLE_WEIGHTED_3XGB,2026-01-30,2026-02-13,2026-02-24,2026-03-09,,-0.02195120029876966,-0.0024222897891881257,-0.019528910509581533,50,0.03921568627450981,0.0007843137254901962,50
xgb_aggressive_top30,2026-03-09,2026-03-23,2026-03-24,2026-04-07,0.09270736822142707,0.03166539510858582,0.01752055741730163,0.01414483769128419,30,0.06451612903225806,0.002150537634408602,30
xgb_stable_top50,2026-03-09,2026-03-23,2026-03-24,2026-04-07,0.07281088818092213,0.03181594965113535,0.01752055741730163,0.01429539223383372,50,0.03921568627450981,0.0007843137254901962,50
xgb_conservative_top75,2026-03-09,2026-03-23,2026-03-24,2026-04-07,0.026967844086895787,0.03489373747816581,0.01752055741730163,0.017373180060864177,75,0.02631578947368421,0.0003508771929824561,75
ridge,2026-03-09,2026-03-23,2026-03-24,2026-04-07,0.09512759465393161,0.03467735505461328,0.01752055741730163,0.01715679763731165,75,0.02631578947368421,0.0003508771929824561,75
ENSEMBLE_WEIGHTED_3XGB,2026-03-09,2026-03-23,2026-03-24,2026-04-07,,0.03954494609304748,0.01752055741730163,0.022024388675745847,50,0.03921568627450981,0.0007843137254901962,50
xgb_aggressive_top30,2026-04-07,2026-04-21,2026-04-22,2026-05-08,0.1506325041201146,0.09509557867757451,0.05124875957141728,0.04384681910615723,30,0.06451612903225806,0.002150537634408602,30
xgb_stable_top50,2026-04-07,2026-04-21,2026-04-22,2026-05-08,0.15079151245613237,0.08132132719371893,0.05124875957141728,0.03007256762230165,50,0.03921568627450981,0.0007843137254901962,50
xgb_conservative_top75,2026-04-07,2026-04-21,2026-04-22,2026-05-08,0.10853225578677439,0.07842925530256409,0.05124875957141728,0.02718049573114681,75,0.02631578947368421,0.0003508771929824561,75
ridge,2026-04-07,2026-04-21,2026-04-22,2026-05-08,0.031420630334950794,0.05696260425352276,0.05124875957141728,0.005713844682105479,75,0.02631578947368421,0.0003508771929824561,75
ENSEMBLE_WEIGHTED_3XGB,2026-04-07,2026-04-21,2026-04-22,2026-05-08,,0.0728664990671199,0.05124875957141728,0.021617739495702615,50,0.03921568627450981,0.0007843137254901962,50
